reference_system,galactic_extreme,local_rank,global_rank_approx,system_name,body_name,ring_name,reserve_level,tritium_confirmed,moi_ssd_tritium,ssd_score,moi_final,surface_density,linear_density,arrival_distance_ls,parent_body_gravity,primary_star_class,x,y,z,distance_ly
HD 6428,South,1,,Flyua Dryoae DM-K d9-0,Flyua Dryoae DM-K d9-0 4,Flyua Dryoae DM-K d9-0 4 C Ring,,False,,,0.99999,0.0006801983073076387,2243623.0911226715,5622.509099,5.27055949831753,G6 Vab,2096.71875,-413.84375,-256.1875,4943.92
HD 6428,South,2,,Synuefe QU-N d7-19,Synuefe QU-N d7-19 9,Synuefe QU-N d7-19 9 B Ring,,False,,,0.999982,0.00012541107271698794,972021.8540208541,4342.558946,12.7986490262058,G6 Vab,315.78125,-431.03125,-371.78125,4436.39
HD 6428,South,3,,Wredguia VL-L c21-22,Wredguia VL-L c21-22 8,Wredguia VL-L c21-22 8 B Ring,,False,,,0.999974,7.125570371535747e-05,413729.1512637686,2964.291504,7.81992943815642,G9 Vab,-1059.125,14.15625,-122.09375,4969.85
HD 6428,South,4,,Prua Dryoae WV-B c1-1,Prua Dryoae WV-B c1-1 4,Prua Dryoae WV-B c1-1 4 B Ring,,False,,,0.999972,5.566911670740249e-05,345358.16484495945,3693.288053,6.47908259406546,K1 Vab,1378.90625,-544.59375,255.8125,4595.36
HD 6428,South,5,,Prooe Drye LH-C d32,Prooe Drye LH-C d32 3,Prooe Drye LH-C d32 3 B Ring,,False,,,0.501493,5.5193473811841776e-05,6009.884974838246,2113.169678,0.204618741715101,G2 Vab,-1871.40625,-307.96875,229.9375,4924.61
HD 6428,South,6,,Wredguia VZ-E c25-17,Wredguia VZ-E c25-17 5,Wredguia VZ-E c25-17 5 B Ring,,False,,,0.999971,5.387696648499059e-05,338793.16457491316,3264.0,5.09314022956425,G7 Vab,-413.5,106.65625,49.5,4989.24
HD 6428,South,7,,Col 359 Sector GL-P d5-3,Col 359 Sector GL-P d5-3 4,Col 359 Sector GL-P d5-3 4 C Ring,,False,,,0.999954,5.291582777574009e-05,187377.38872171636,1006.008202,3.55223585194249,M3 Va,-318.59375,-348.875,580.40625,4616.25
HD 6428,South,8,,Wregoe FK-I c9-0,Wregoe FK-I c9-0 2,Wregoe FK-I c9-0 2 B Ring,,False,,,0.999973,3.884768916828395e-05,370393.8281685197,3713.994035,8.05706546344448,K1 Vab,618.53125,-21.625,-659.875,4884.12
HD 6428,South,9,,Synuefe RG-M b40-2,Synuefe RG-M b40-2 3,Synuefe RG-M b40-2 3 C Ring,,False,,,0.999935,3.554370390456686e-05,134915.600277079,725.284542,2.25396737024574,M6 Va,515.0625,-231.8125,-186.0,4661.7
HD 6428,South,10,,Swoilz MC-L c24-8,Swoilz MC-L c24-8 4,Swoilz MC-L c24-8 4 A Ring,,False,,,0.999928,2.9302518510293744e-05,121686.8272851478,976.134176,1.5746585092281,K9 Va,426.46875,-254.875,1274.0,4922.67
HD 6428,South,11,,Swoilz AG-U c4-0,Swoilz AG-U c4-0 AB 7,Swoilz AG-U c4-0 AB 7 A Ring,,False,,,0.999892,2.8529134872940664e-05,90567.10692646353,2902.0,1.59774364056553,L1 V,417.96875,-659.0,451.0,4308.7
HD 6428,South,12,,Prooe Drye LW-V d2-7,Prooe Drye LW-V d2-7 4,Prooe Drye LW-V d2-7 4 C Ring,,False,,,0.99997,2.6711422080296823e-05,325310.3448275862,3637.425103,9.6207914754767,G6 Vab,-1721.75,-810.9375,510.09375,4456.99
HD 6428,South,13,,Prua Dryoae EW-Z b5-2,Prua Dryoae EW-Z b5-2 1,Prua Dryoae EW-Z b5-2 1 B Ring,,False,,,0.358373,2.3234491586152706e-05,4158.939714300449,335.660889,0.774733659630876,M0 Va,1463.6875,-201.8125,338.375,4955.7
HD 6428,South,14,,Prua Dryoae WD-T c19-3,Prua Dryoae WD-T c19-3 B 6,Prua Dryoae WD-T c19-3 B 6 C Ring,,False,,,0.99994,2.264010254556363e-05,146603.447113548,37544.517045,5.32224768022841,G6 Vab,1561.09375,-400.53125,1062.125,4968.05
HD 6428,South,15,,Col 132 Sector RP-V c16-1,Col 132 Sector RP-V c16-1 5,Col 132 Sector RP-V c16-1 5 B Ring,,False,,,0.999908,2.2028486982290024e-05,100325.11926103734,4158.418715,1.58146354644642,M0 Va,1370.65625,-352.90625,-404.625,4724.98
HD 6428,South,16,,Aoniken,Aoniken 2,Aoniken 2 B Ring,,False,,,0.728263,2.190392646701692e-05,8977.716026291882,731.363642,0.587089323952279,K9 Va,128.625,85.65625,-58.15625,4952.65
HD 6428,South,17,,Prooe Drye PX-B d4,Prooe Drye PX-B d4 10 c,Prooe Drye PX-B d4 10 c B Ring,,False,,,0.380369,2.114312301144196e-05,4441.777777777777,4918.624372,0.613946466809422,F2 VI,-1825.03125,-434.78125,245.21875,4792.93
HD 6428,South,18,,Col 132 Sector YS-A b30-1,Col 132 Sector YS-A b30-1 2,Col 132 Sector YS-A b30-1 2 B Ring,,False,,,0.366169,2.0063877826790262e-05,4259.171164577806,300.239795,0.749226063016213,M4 Va,1481.25,-116.75,-473.25,4984.08
HD 6428,South,19,,Swoiwns ZI-T d3-1,Swoiwns ZI-T d3-1 A 6,Swoiwns ZI-T d3-1 A 6 A Ring,,False,,,0.999899,1.980875850922822e-05,94693.87755102041,3964.976864,1.3293017232589,F8 VI,-230.65625,-1073.15625,571.34375,3906.78
HD 6428,South,20,,Wregoe LV-H b51-3,Wregoe LV-H b51-3 1,Wregoe LV-H b51-3 1 A Ring,,False,,,0.385964,1.9493306253507696e-05,4513.696243117028,241.366762,0.861690119302539,M3 Va,600.40625,60.15625,50.53125,4978.77
HD 6428,South,21,,Oochoss FA-H c26-1,Oochoss FA-H c26-1 7,Oochoss FA-H c26-1 7 B Ring,,False,,,0.411,1.945609398368101e-05,4835.205683132331,625.127136,0.904510349750178,K5 Va,-1927.125,-380.125,-1213.28125,4900.46
HD 6428,South,22,,Swoiwns IQ-B c2-0,Swoiwns IQ-B c2-0 6,Swoiwns IQ-B c2-0 6 A Ring,,False,,,0.605378,1.8807444247900542e-05,7341.706600711083,599.464058,0.382681452024064,K5 Va,-224.34375,-220.5,298.34375,4686.33
HD 6428,South,23,,Swoiwns UD-G b28-0,Swoiwns UD-G b28-0 2,Swoiwns UD-G b28-0 2 A Ring,,False,,,0.570813,1.8731095535023568e-05,6913.46029278404,139.976135,0.379803507698583,M6 Va,-822.03125,-560.21875,817.40625,4524.91
HD 6428,South,24,,Flyeia Dryoae EQ-A b57-0,Flyeia Dryoae EQ-A b57-0 1,Flyeia Dryoae EQ-A b57-0 1 B Ring,,False,,,0.353742,1.869497288061234e-05,4099.375400384369,446.267086,0.762511471397981,M2 Va,2735.40625,-859.40625,155.59375,4917.43
HD 6428,South,25,,M7 Sector QK-M b8-0,M7 Sector QK-M b8-0 1,M7 Sector QK-M b8-0 1 B Ring,,False,,,0.524734,1.8555744232834042e-05,6317.03492516037,322.989905,0.366099520750484,M1 Va,-80.0625,-84.5,917.9375,4948.86
HIP 58832,North,1,,Wregoe FM-P b21-0,Wregoe FM-P b21-0 1,Wregoe FM-P b21-0 1 B Ring,,False,,,0.351351,1.7572009325508533e-05,4068.597035504998,454.382911,0.760777811767105,M3 Va,598.59375,398.8125,-601.78125,4997.87
HIP 58832,North,2,,Wregoe XN-M b39-0,Wregoe XN-M b39-0 1,Wregoe XN-M b39-0 1 B Ring,,False,,,0.449336,1.6785371227119353e-05,5329.071194762684,224.67523,0.443591822167839,M5 Va,933.40625,876.65625,-224.84375,4649.91
HIP 58832,North,3,,Wredguia MJ-U c18-0,Wredguia MJ-U c18-0 4 b,Wredguia MJ-U c18-0 4 b B Ring,,False,,,0.502902,1.6638357426806043e-05,6028.459949506541,1600.7108,0.259730804527378,K5 Va,-461.59375,761.0,-257.40625,4651.44
HIP 58832,North,4,,Outotz WQ-S c18-0,Outotz WQ-S c18-0 11,Outotz WQ-S c18-0 11 B Ring,,False,,,0.526921,1.6443828510685674e-05,6345.942824140919,2292.988717,0.398710818802896,G6 Vab,511.15625,394.78125,-1526.5,4980.67
HIP 58832,North,5,,Ushornt VQ-Y c0,Ushornt VQ-Y c0 9,Ushornt VQ-Y c0 9 A Ring,,False,,,0.477577,1.633363079278938e-05,5695.7085828343315,2278.531494,0.418019679820536,G8 Vab,-492.40625,1342.5625,275.34375,4229.99
HIP 58832,North,6,,Wredguia IU-V b46-0,Wredguia IU-V b46-0 1,Wredguia IU-V b46-0 1 A Ring,,False,,,0.423847,1.6115981754256935e-05,5000.609013398294,183.641293,0.432249719588049,M8 Va,-299.28125,596.21875,-63.53125,4842.34
HIP 58832,North,7,,Outotz GN-J d9-3,Outotz GN-J d9-3 9,Outotz GN-J d9-3 9 B Ring,,False,,,0.444308,1.5972335374858854e-05,5264.183754800377,365.819502,0.543467931069644,M4 Va,259.90625,507.8125,-1491.59375,4840.38
HIP 58832,North,8,,Wregoe SK-E d12-17,Wregoe SK-E d12-17 11,Wregoe SK-E d12-17 11 A Ring,,False,,,0.403736,1.558724405962592e-05,4741.988918718227,1941.5177,0.446000203935964,G3 Vab,429.875,545.9375,12.5,4934.53
HIP 58832,North,9,,Wregoe EI-Y c15-1,Wregoe EI-Y c15-1 6,Wregoe EI-Y c15-1 6 B Ring,,False,,,0.453586,1.5504168632562327e-05,5384.012129450515,530.234889,0.589052513510758,K6 Va,415.03125,458.9375,-382.78125,4943.32
HIP 58832,North,10,,Wredguia JF-E b42-0,Wredguia JF-E b42-0 1,Wredguia JF-E b42-0 1 A Ring,,False,,,0.395058,1.5499151703841968e-05,4630.465133367625,404.110997,0.485122361578464,M2 Va,-483.4375,572.78125,-155.90625,4856.69
HIP 58832,North,11,,Pru Euq RL-Q b37-0,Pru Euq RL-Q b37-0 1,Pru Euq RL-Q b37-0 1 B Ring,,False,,,0.415258,1.5169250079824914e-05,4890.036900369004,196.047047,0.508858264504945,M8 Va,-244.5,915.25,1019.21875,4895.82
HIP 58832,North,12,,Wregoe IA-B b45-0,Wregoe IA-B b45-0 1,Wregoe IA-B b45-0 1 B Ring,,False,,,0.322656,1.50215744590033e-05,3700.015535187199,326.474086,0.516703273172224,M6 Va,989.625,793.03125,-93.40625,4769.03
HIP 58832,North,13,,Wregoe KA-D b43-0,Wregoe KA-D b43-0 3,Wregoe KA-D b43-0 3 B Ring,,False,,,0.375286,1.4610147772463217e-05,4376.4823229524545,732.0,0.389558417755466,M6 Va,866.875,634.125,-129.1875,4886.74
HIP 58832,North,14,,Braufooe BA-A c0,Braufooe BA-A c0 8,Braufooe BA-A c0 8 A Ring,,False,,,0.352165,1.4412535789284598e-05,4079.032981826341,1046.447892,0.463398796777812,M2 Va,2.6875,1287.1875,1520.34375,4818.44
HIP 58832,North,15,,Wredguia FX-J b52-1,Wredguia FX-J b52-1 2,Wredguia FX-J b52-1 2 A Ring,,False,,,0.304861,1.4381937873203036e-05,3473.3808844507844,371.100283,0.566101967982054,M4 Va,-77.5,465.90625,70.53125,4996.22
HIP 58832,North,16,,Wregoe CE-W b46-0,Wregoe CE-W b46-0 1,Wregoe CE-W b46-0 1 A Ring,,False,,,0.326446,1.4161797538256811e-05,3748.3329748332976,221.607162,0.58294585500153,M4 Va,947.375,640.375,-60.5,4911.82
HIP 58832,North,17,,Plaa Trua MS-Z c27-0,Plaa Trua MS-Z c27-0 3,Plaa Trua MS-Z c27-0 3 A Ring,,False,,,0.325062,1.4161155481117012e-05,3730.6790229391913,401.140196,0.411708677475273,M1 Va,1058.71875,1378.59375,139.96875,4298.17
HIP 58832,North,18,,Pru Euq XE-E b1-0,Pru Euq XE-E b1-0 7,Pru Euq XE-E b1-0 7 B Ring,,False,,,0.368956,1.404499473874656e-05,4294.952190349121,268.16973,0.80275670439482,M2 Va,-244.03125,600.5625,237.75,4910.62
HIP 58832,North,19,,NGC 2632 JS 163,NGC 2632 JS 163 1,NGC 2632 JS 163 1 B Ring,,False,,,0.324771,1.3984295652864885e-05,3726.9648371351727,243.922073,0.814255429795044,M2 V,306.09375,430.46875,-628.5,4930.67
HIP 58832,North,20,,Praea Euq PI-V b5-1,Praea Euq PI-V b5-1 3,Praea Euq PI-V b5-1 3 A Ring,,False,,,0.383286,1.3946076496099477e-05,4479.25477197394,226.175599,0.730514224533496,M7 Va,478.96875,608.9375,339.6875,4965.16
HIP 58832,North,21,,Praea Euq CL-N b10-0,Praea Euq CL-N b10-0 6,Praea Euq CL-N b10-0 6 B Ring,,False,,,0.363135,1.390015781823383e-05,4220.09309073324,300.287238,0.700063831956766,M1 Va,19.3125,698.34375,437.71875,4876.65
HIP 58832,North,22,,Wregoe OT-F b41-1,Wregoe OT-F b41-1 1,Wregoe OT-F b41-1 1 B Ring,,False,,,0.244164,1.3868409446446669e-05,2689.899899369737,227.396347,0.801169062914245,M5 Va,425.78125,539.875,-166.375,4902.2
HIP 58832,North,23,,Praea Euq WE-D c1-1,Praea Euq WE-D c1-1 2,Praea Euq WE-D c1-1 2 B Ring,,False,,,0.385329,1.385240154187182e-05,4505.524478757339,1495.014847,0.717329152646069,K1 Vab,691.65625,1025.8125,292.1875,4589.11
HIP 58832,North,24,,Blu Thua RB-X c4-0,Blu Thua RB-X c4-0 10,Blu Thua RB-X c4-0 10 B Ring,,False,,,0.363198,1.3836802355895936e-05,4220.897832817337,1978.743004,0.755873967574182,K0 Vab,221.03125,1228.59375,1706.125,4980.44
HIP 58832,North,25,,Pru Euq IY-Q b9-0,Pru Euq IY-Q b9-0 1,Pru Euq IY-Q b9-0 1 B Ring,,False,,,0.396764,1.3743608759161436e-05,4652.302388574243,676.20679,0.418548281839502,M3 Va,-700.0625,880.53125,431.6875,4737.25
SPHIESI HX-L d7-0,West,1,,Phoi Chrie FC-D c12-0,Phoi Chrie FC-D c12-0 9,Phoi Chrie FC-D c12-0 9 B Ring,,False,,,0.433987,1.5293508341410508e-05,5131.21387283237,2097.722533,0.440537881105333,G7 Vab,-39544.125,-8.84375,34043.3125,3003.18
SPHIESI HX-L d7-0,West,2,,Oushaind KO-Y b34-0,Oushaind KO-Y b34-0 8,Oushaind KO-Y b34-0 8 A Ring,,False,,,0.393913,1.37109895858748e-05,4615.760571114772,195.0,0.607815999750626,M (Red dwarf) Star,-38980.34375,-60.53125,34236.21875,3443.16
SPHIESI HX-L d7-0,West,3,,Hoijau PO-X d2-1,Hoijau PO-X d2-1 8,Hoijau PO-X d2-1 8 B Ring,,False,,,0.361889,1.2302032610345393e-05,4204.12675018423,2646.18335,0.954803711634547,F6 Vb,-39156.5,-80.46875,32462.1875,4253.47
SPHIESI HX-L d7-0,West,4,,Sphieso EV-X c14-0,Sphieso EV-X c14-0 2,Sphieso EV-X c14-0 2 B Ring,,False,,,0.424585,1.1850094571596041e-05,5010.0926690522065,1223.085985,0.612498623432242,K0 Vab,-37743.25,4.40625,35425.71875,4470.63
SPHIESI HX-L d7-0,West,5,,Phoi Brue AV-X c14-0,Phoi Brue AV-X c14-0 A 5,Phoi Brue AV-X c14-0 A 5 B Ring,,False,,,0.741258,1.1117656746251878e-05,9193.524096385541,3162.443511,1.0527397777098,K1 Vab,-39181.875,-19.21875,36699.6875,3291.43
SPHIESI HX-L d7-0,West,6,,Oushaind MD-R c21-0,Oushaind MD-R c21-0 2,Oushaind MD-R c21-0 2 B Ring,,False,,,0.825893,1.0530348968905497e-05,11520.16817763763,1904.268698,2.17325318649944,G4 Vab,-39484.375,-89.375,34437.15625,2901.42
SPHIESI HX-L d7-0,West,7,,Hypuae Bra GH-D d12-0,Hypuae Bra GH-D d12-0 2,Hypuae Bra GH-D d12-0 2 B Ring,,False,,,0.671091,1.050516229708781e-05,8161.297205035204,1366.090583,1.32823880901397,K0 Vab,-40378.40625,65.28125,35821.375,1880.95
SPHIESI HX-L d7-0,West,8,,Sphieso KD-K d8-5,Sphieso KD-K d8-5 5 b,Sphieso KD-K d8-5 5 b B Ring,,False,,,0.198484,1.050366730188679e-05,2032.7248305757373,5929.297363,0.63403477108188,F8 Vab,-38451.46875,-18.6875,35528.1875,3763.94
SPHIESI HX-L d7-0,West,9,,Kasau AG-W c15-0,Kasau AG-W c15-0 A 3,Kasau AG-W c15-0 A 3 B Ring,,False,,,0.490545,1.045837959923843e-05,5865.611779572551,1549.352849,0.522323544407056,K2 Vab,-37964.0,31.875,32923.03125,4928.69
SPHIESI HX-L d7-0,West,10,,Wraukio XE-T c6-0,Wraukio XE-T c6-0 2,Wraukio XE-T c6-0 2 B Ring,,False,,,0.753801,1.0343706099496056e-05,9419.206817436905,2267.92139,1.3480545528704,K0 Va,-38663.75,-140.6875,35057.0,3570.51
SPHIESI HX-L d7-0,West,11,,Veqo LC-D d12-11,Veqo LC-D d12-11 AB 2,Veqo LC-D d12-11 AB 2 B Ring,,False,,,0.831414,1.0297100171845697e-05,11721.766772628409,2563.865243,1.91006393392475,G6 Vab,-37555.1875,34.84375,37098.0625,4952.36
SPHIESI HX-L d7-0,West,12,,Wraukoea IQ-Y c3-1,Wraukoea IQ-Y c3-1 4,Wraukoea IQ-Y c3-1 4 B Ring,,False,,,0.781437,1.0293877832825147e-05,10018.028385116993,739.762095,1.40875915162639,K4 Va,-38460.3125,-104.28125,34963.90625,3781.91
SPHIESI HX-L d7-0,West,13,,Phaa Chrie HX-L c7-0,Phaa Chrie HX-L c7-0 7 a,Phaa Chrie HX-L c7-0 7 a B Ring,,False,,,0.256821,1.0274699854915779e-05,2857.233301677746,2697.442139,0.377184154175589,K3 Va,-38411.375,14.75,33836.9375,4118.46
SPHIESI HX-L d7-0,West,14,,Wraukoea NW-L c24-2,Wraukoea NW-L c24-2 A 3,Wraukoea NW-L c24-2 A 3 B Ring,,False,,,0.887805,1.0259329792537158e-05,13884.312991388993,1455.044556,3.36148893647395,K2 Vab,-37604.21875,-68.28125,35830.65625,4628.22
SPHIESI HX-L d7-0,West,15,,Oushaind UA-H c13-0,Oushaind UA-H c13-0 3,Oushaind UA-H c13-0 3 B Ring,,False,,,0.796931,1.0256686057264041e-05,10472.579332790887,1338.100836,1.61446436219027,G6 Vab,-38783.84375,-98.53125,34075.34375,3684.51
SPHIESI HX-L d7-0,West,16,,Dryio Graae MJ-P c22-0,Dryio Graae MJ-P c22-0 4,Dryio Graae MJ-P c22-0 4 B Ring,,False,,,0.786988,1.025564272901261e-05,10168.010575016524,2183.69426,1.69872040379321,K4 Vab,-39662.96875,-92.34375,31922.78125,4328.25
SPHIESI HX-L d7-0,West,17,,Oushaisc DK-Y c17-0,Oushaisc DK-Y c17-0 6,Oushaisc DK-Y c17-0 6 B Ring,,False,,,0.92211,1.024965787353673e-05,15589.106973102947,1093.704099,5.89833394514122,M1 Va,-37843.15625,-53.0,34270.6875,4519.04
SPHIESI HX-L d7-0,West,18,,Tyreanue NR-L c24-0,Tyreanue NR-L c24-0 6 a,Tyreanue NR-L c24-0 6 a B Ring,,False,,,0.165377,1.022475980095245e-05,1486.8002933268149,6675.113518,0.495490364025696,K2 Va,-38978.34375,-116.5625,38407.40625,4405.68
SPHIESI HX-L d7-0,West,19,,Prua Flyoae AJ-B c16-0,Prua Flyoae AJ-B c16-0 A 5,Prua Flyoae AJ-B c16-0 A 5 B Ring,,False,,,0.500377,1.0224064228148844e-05,5995.169082125604,1945.284292,0.660576323034567,K9 Va,-39153.40625,-161.84375,39332.71875,4970.5
SPHIESI HX-L d7-0,West,20,,Hypiae Brue PV-C c26-0,Hypiae Brue PV-C c26-0 3,Hypiae Brue PV-C c26-0 3 B Ring,,False,,,0.659091,1.0216497797852967e-05,8007.392840234532,1113.179514,1.06001845620475,K1 Vab,-39382.21875,16.3125,35897.25,2871.96
SPHIESI HX-L d7-0,West,21,,Plaa Fleau UD-T d3-0,Plaa Fleau UD-T d3-0 2,Plaa Fleau UD-T d3-0 2 A Ring,,False,,,0.640884,1.019186199166082e-05,7778.681855166802,1556.725491,1.1207090853472,G7 Va,-40476.34375,71.25,37671.0,2846.01
SPHIESI HX-L d7-0,West,22,,Spooroea MB-O d6-0,Spooroea MB-O d6-0 9 e,Spooroea MB-O d6-0 9 e B Ring,,False,,,0.289148,1.0191290678013477e-05,3273.054026732562,4136.829305,0.405393086570817,F9 Vab,-39903.15625,140.5,39180.53125,4417.68
SPHIESI HX-L d7-0,West,23,,Veqo PX-S b17-0,Veqo PX-S b17-0 A 12,Veqo PX-S b17-0 A 12 B Ring,,False,,,0.64241,1.0174961045157056e-05,7797.652319731694,2176.0,1.00536891798242,M0 Va,-38039.375,19.09375,36439.84375,4297.68
SPHIESI HX-L d7-0,West,24,,Phoi Chrie JN-B d13-1,Phoi Chrie JN-B d13-1 A 9,Phoi Chrie JN-B d13-1 A 9 B Ring,,False,,,0.793336,1.01734682379253e-05,10357.247010790317,2620.643066,1.73535250331396,G4 Vab,-39173.53125,111.125,34647.96875,3139.16
SPHIESI HX-L d7-0,West,25,,Sphieso TA-A c1,Sphieso TA-A c1 2,Sphieso TA-A c1 2 B Ring,,False,,,0.825234,1.0167154755877009e-05,11495.906432748538,1257.716012,2.03655715305394,K2 Va,-37689.5625,-24.09375,34802.75,4565.99
OOD FLEAU ZJ0I D9-0,East,1,,Bloa Aick YO-A b0,Bloa Aick YO-A b0 1,Bloa Aick YO-A b0 1 A Ring,,False,,,0.505319,1.662338623641964e-05,6060.375636833701,230.445905,0.436574079738962,M3 Va,38418.09375,37.4375,14296.03125,3973.42
OOD FLEAU ZJ0I D9-0,East,2,,Ausain HF-Y b55-0,Ausain HF-Y b55-0 6,Ausain HF-Y b55-0 6 B Ring,,False,,,0.371336,1.5661469211065677e-05,4325.590016063265,569.34873,0.455096461711023,M7 Va,37078.0625,-20.25,15495.09375,4062.39
OOD FLEAU ZJ0I D9-0,East,3,,Ausain CE-O c20-0,Ausain CE-O c20-0 14,Ausain CE-O c20-0 14 B Ring,,False,,,0.393137,1.4995221468878551e-05,4605.78785462003,2002.864989,0.473603242581829,G7 Vab,37150.96875,183.25,15201.125,4171.48
OOD FLEAU ZJ0I D9-0,East,4,,Thainua AH-K c22-0,Thainua AH-K c22-0 2,Thainua AH-K c22-0 2 B Ring,,False,,,0.364445,1.4981128241439252e-05,4236.943768779511,474.861967,0.456726623840114,K8 Va,38913.34375,116.0,17831.65625,1600.41
OOD FLEAU ZJ0I D9-0,East,5,,Ausain UE-X c15-0,Ausain UE-X c15-0 9,Ausain UE-X c15-0 9 A Ring,,False,,,0.370457,1.4510795143334798e-05,4314.217621210993,1430.74639,0.416330070357908,K2 Va,37698.03125,215.25,14979.625,3897.37
OOD FLEAU ZJ0I D9-0,East,6,,Thainua QQ-G c10-0,Thainua QQ-G c10-0 8,Thainua QQ-G c10-0 8 B Ring,,False,,,0.274967,1.3780069229496612e-05,3092.0424007166316,822.47481,0.898638727439584,K5 Va,39296.34375,-22.40625,17298.15625,1266.73
OOD FLEAU ZJ0I D9-0,East,7,,Ood Flaae FE-O c20-0,Ood Flaae FE-O c20-0 4,Ood Flaae FE-O c20-0 4 B Ring,,False,,,0.453003,1.3358110488351056e-05,5376.441007637934,1215.593175,0.471845416539207,K4 Va,37271.0,187.9375,17758.3125,3237.86
OOD FLEAU ZJ0I D9-0,East,8,,Ausain YL-D d12-5,Ausain YL-D d12-5 4,Ausain YL-D d12-5 4 B Ring,,False,,,0.396414,1.315895769537016e-05,4647.865736838072,2361.0,0.525224781133297,G3 Vab,37270.84375,165.8125,15407.90625,3952.84
OOD FLEAU ZJ0I D9-0,East,9,,Meamue XO-X d2-1,Meamue XO-X d2-1 12,Meamue XO-X d2-1 12 A Ring,,False,,,0.409193,1.3049617910051332e-05,4811.974018638803,2162.583984,0.363247680228408,G5 Vab,39560.09375,-46.96875,19676.125,2210.98
OOD FLEAU ZJ0I D9-0,East,10,,Thainua ZL-L c21-0,Thainua ZL-L c21-0 ABC 1,Thainua ZL-L c21-0 ABC 1 B Ring,,False,,,0.275002,1.296843652658536e-05,3092.486967187979,2580.0,0.647621393762072,K8 Va,38779.25,-20.78125,17779.28125,1728.17
OOD FLEAU ZJ0I D9-0,East,11,,Droesps AG-A c0,Droesps AG-A c0 3,Droesps AG-A c0 3 B Ring,,False,,,0.456426,1.2713941835549973e-05,5420.851921139732,567.612,0.516486285306414,K8 Va,38175.46875,17.75,15578.25,3135.32
OOD FLEAU ZJ0I D9-0,East,12,,Chanaae EG-F c14-0,Chanaae EG-F c14-0 4,Chanaae EG-F c14-0 4 B Ring,,False,,,0.352987,1.2583415319016147e-05,4089.6213239695144,708.155857,0.88560823901295,K9 Va,39779.6875,-99.5625,18736.3125,1288.46
OOD FLEAU ZJ0I D9-0,East,13,,Byai Airgh HH-U c16-0,Byai Airgh HH-U c16-0 2,Byai Airgh HH-U c16-0 2 A Ring,,False,,,0.434216,1.2384075516246524e-05,5134.154521617172,632.714426,0.46758988477618,K6 Va,36295.96875,-23.46875,16325.34375,4420.19
OOD FLEAU ZJ0I D9-0,East,14,,Ausain HI-B c13-1,Ausain HI-B c13-1 3,Ausain HI-B c13-1 3 B Ring,,False,,,0.331231,1.2032035288728682e-05,3809.648173711898,1602.955258,0.856002243295605,K3 Va,37179.8125,-24.8125,14860.28125,4357.88
OOD FLEAU ZJ0I D9-0,East,15,,Ausain HL-P d5-1,Ausain HL-P d5-1 4,Ausain HL-P d5-1 4 A Ring,,False,,,0.336952,1.1528686340442388e-05,3883.195867699742,2474.311012,0.799598755990619,G2 Vb,37797.0,7.1875,14802.46875,3949.16
OOD FLEAU ZJ0I D9-0,East,16,,Dryaei Flaae IG-B c27-0,Dryaei Flaae IG-B c27-0 8,Dryaei Flaae IG-B c27-0 8 B Ring,,False,,,0.227241,1.1130729689020738e-05,2457.7762139338492,531.979685,0.844078311410217,K6 Va,38357.875,70.375,19295.96875,2687.91
OOD FLEAU ZJ0I D9-0,East,17,,Dryeou Flaae FA-A d5,Dryeou Flaae FA-A d5 6 a,Dryeou Flaae FA-A d5 6 a B Ring,,False,,,0.234928,1.098016013726215e-05,2564.682912719647,3964.0,0.655958933518275,G5 Vab,37532.125,21.71875,18186.75,3014.92
OOD FLEAU ZJ0I D9-0,East,18,,Byiae Aick HQ-G d10-2,Byiae Aick HQ-G d10-2 B 2,Byiae Aick HQ-G d10-2 B 2 B Ring,,False,,,0.767411,1.088723886958206e-05,9691.154422788606,124302.78306,1.2655352299378,F8 VI,39582.96875,21.75,16464.34375,1523.46
OOD FLEAU ZJ0I D9-0,East,19,,Byiae Aick QU-E c25-0,Byiae Aick QU-E c25-0 2,Byiae Aick QU-E c25-0 2 B Ring,,False,,,0.772265,1.0863230941508712e-05,9797.422178988327,1396.807373,1.2088857958601,G5 Vab,38999.75,62.4375,16661.6875,1815.61
OOD FLEAU ZJ0I D9-0,East,20,,Chanoa NL-W c18-0,Chanoa NL-W c18-0 2,Chanoa NL-W c18-0 2 B Ring,,False,,,0.41686,1.0683420075016566e-05,4910.629366042439,512.935241,0.856501682471704,K8 Va,39109.53125,-87.65625,18956.5625,1895.17
OOD FLEAU ZJ0I D9-0,East,21,,Ood Flaae UZ-S c3-1,Ood Flaae UZ-S c3-1 4 b,Ood Flaae UZ-S c3-1 4 b B Ring,,False,,,0.357941,1.0681626490672128e-05,4153.389411182583,1656.935059,0.316832058733558,K4 Va,38278.0,-15.0625,17016.1875,2322.48
OOD FLEAU ZJ0I D9-0,East,22,,Ooc Fleau SX-J c22-0,Ooc Fleau SX-J c22-0 2,Ooc Fleau SX-J c22-0 2 B Ring,,False,,,0.816832,1.0666783295535033e-05,11186.537881074555,1587.885707,1.72629509534006,K0 Vab,36917.40625,38.15625,17846.6875,3590.39
OOD FLEAU ZJ0I D9-0,East,23,,Droesps FF-U b30-0,Droesps FF-U b30-0 1,Droesps FF-U b30-0 1 B Ring,,False,,,0.3589,1.0610505815348113e-05,4165.669205658324,210.527646,1.21754501886408,M7 Va,37198.71875,20.625,16238.625,3604.92
OOD FLEAU ZJ0I D9-0,East,24,,Groa Eaeb UI-L b14-0,Groa Eaeb UI-L b14-0 1,Groa Eaeb UI-L b14-0 1 A Ring,,False,,,0.253283,1.0590618405148719e-05,2810.7686305111197,209.0,0.605672201359432,M (Red dwarf) Star,36416.75,-61.90625,15880.125,4465.89
OOD FLEAU ZJ0I D9-0,East,25,,Dryeou Flaae DG-N c20-0,Dryeou Flaae DG-N c20-0 2,Dryeou Flaae DG-N c20-0 2 B Ring,,False,,,0.785775,1.0540424812461395e-05,10134.123222748814,3723.0,1.32680494693262,G2 Vab,37845.78125,-3.875,19047.53125,2990.26
LYED YJ-I D9-0,Bottom,1,,Aidown BP-I c9-0,Aidown BP-I c9-0 1,Aidown BP-I c9-0 1 A Ring,,False,,,0.457262,1.797377908416602e-05,5431.774990497909,753.583544,0.346798613235444,M0 Va,8217.0,18.6875,-14739.34375,3529.13
LYED YJ-I D9-0,Bottom,2,,Dryoi Hype BP-U c5-0,Dryoi Hype BP-U c5-0 9,Dryoi Hype BP-U c5-0 9 A Ring,,False,,,0.448624,1.5608764860409126e-05,5319.907940161104,2142.743715,0.406680534312226,K2 Va,10142.75,-203.4375,-12340.84375,4646.83
LYED YJ-I D9-0,Bottom,3,,Eorm Aed KW-T b58-0,Eorm Aed KW-T b58-0 1,Eorm Aed KW-T b58-0 1 B Ring,,False,,,0.451993,1.540063785384053e-05,5363.39706289831,471.45705,0.524734475374732,M0 Va,8939.71875,78.40625,-12599.3125,4771.84
LYED YJ-I D9-0,Bottom,4,,Hypi Eurk OU-X b28-0,Hypi Eurk OU-X b28-0 8,Hypi Eurk OU-X b28-0 8 A Ring,,False,,,0.310098,1.4630871056938388e-05,3539.9357147189035,312.674238,0.502211379626797,M6 Va,12464.65625,23.125,-15801.9375,1824.57
LYED YJ-I D9-0,Bottom,5,,Phloinn HC-J d10-1,Phloinn HC-J d10-1 7,Phloinn HC-J d10-1 7 B Ring,,False,,,0.31412,1.434664631580708e-05,3591.0573149836955,1602.340792,0.588322830631182,G8 Vab,7589.65625,-235.5,-14216.375,4354.37
LYED YJ-I D9-0,Bottom,6,,Leech QQ-H b10-0,Leech QQ-H b10-0 5,Leech QQ-H b10-0 5 A Ring,,False,,,0.346295,1.385159091370902e-05,4003.4771754636236,434.720706,0.490609666564699,M9 VI,11382.59375,78.375,-16201.96875,792.93
LYED YJ-I D9-0,Bottom,7,,Splierg NA-T b31-0,Splierg NA-T b31-0 6,Splierg NA-T b31-0 6 B Ring,,False,,,0.401679,1.2837275235290335e-05,4715.565897613626,384.748918,0.39502732741919,M4 Va,10529.0,89.0625,-13175.3125,3755.31
LYED YJ-I D9-0,Bottom,8,,Eowyg Aescs XY-S c3-0,Eowyg Aescs XY-S c3-0 4,Eowyg Aescs XY-S c3-0 4 B Ring,,False,,,0.455873,1.2771717620152875e-05,5413.627735038465,1137.995718,0.393741919037422,K4 Va,13016.78125,-21.84375,-13701.09375,3777.99
LYED YJ-I D9-0,Bottom,9,,Eorm Aed GX-A c27-0,Eorm Aed GX-A c27-0 3,Eorm Aed GX-A c27-0 3 B Ring,,False,,,0.360246,1.2601306071200934e-05,4183.08404422172,1458.044398,0.831617925971245,K3 Va,9728.84375,-11.125,-12676.03125,4413.37
LYED YJ-I D9-0,Bottom,10,,Phraa Dryou LE-E d13-1,Phraa Dryou LE-E d13-1 AB 2,Phraa Dryou LE-E d13-1 AB 2 A Ring,,False,,,0.999513,1.2267833755747763e-05,39305.95145547206,3948.0,0.763969614495853,G8 Va,11127.90625,-42.25,-14018.1875,2885.39
LYED YJ-I D9-0,Bottom,11,,Voab AF-R c4-2,Voab AF-R c4-2 2,Voab AF-R c4-2 2 B Ring,,False,,,0.360294,1.1513107471609259e-05,4183.689184459223,793.394069,0.404492913225247,M1 Va,9148.0625,-9.40625,-12362.3125,4903.94
LYED YJ-I D9-0,Bottom,12,,Phroi Dryou UE-X b21-0,Phroi Dryou UE-X b21-0 7,Phroi Dryou UE-X b21-0 7 B Ring,,False,,,0.217012,1.14856022653673e-05,2311.1575940003063,418.663243,0.756422351381666,M8 Va,8900.34375,-60.625,-14684.5625,3059.11
LYED YJ-I D9-0,Bottom,13,,Aidorr MM-W c1-0,Aidorr MM-W c1-0 3,Aidorr MM-W c1-0 3 B Ring,,False,,,0.822012,1.1473888803317578e-05,11377.649325626204,1014.0,1.33307743697316,M (Red dwarf) Star,11617.875,-22.15625,-15062.28125,1937.36
LYED YJ-I D9-0,Bottom,14,,Phreia Dryiae UO-I c12-0,Phreia Dryiae UO-I c12-0 11,Phreia Dryiae UO-I c12-0 11 B Ring,,False,,,0.312112,1.093786157653958e-05,3565.5359133620004,1851.51423,0.415570204955644,M0 Va,15309.53125,-115.21875,-14599.8125,4880.89
LYED YJ-I D9-0,Bottom,15,,Spliem UL-L c21-0,Spliem UL-L c21-0 3,Spliem UL-L c21-0 3 B Ring,,False,,,0.314156,1.0937287114192004e-05,3591.496990651812,951.393688,0.682016926685021,M0 Va,11705.8125,-20.59375,-12916.71875,4044.32
LYED YJ-I D9-0,Bottom,16,,Hypoea Drye OR-L c24-0,Hypoea Drye OR-L c24-0 3,Hypoea Drye OR-L c24-0 3 B Ring,,False,,,0.34961,1.0850646991633411e-05,4046.248650022235,3123.18042,0.393308962985622,K1 Vab,12268.65625,-107.625,-15369.375,1988.94
LYED YJ-I D9-0,Bottom,17,,Aemo LI-D c15-0,Aemo LI-D c15-0 B 2,Aemo LI-D c15-0 B 2 B Ring,,False,,,0.697841,1.077956510409657e-05,8522.466539196941,15892.823242,0.99498460283471,K0 Vab,15276.21875,-128.71875,-14497.65625,4901.27
LYED YJ-I D9-0,Bottom,18,,Dryau Aed YD-T c3-0,Dryau Aed YD-T c3-0 AB 3 b,Dryau Aed YD-T c3-0 AB 3 b B Ring,,False,,,0.273791,1.0626613310506672e-05,3076.9483182936833,4754.041504,0.440268787600693,K2 Va,10576.09375,19.21875,-12420.6875,4499.86
LYED YJ-I D9-0,Bottom,19,,Eowyg Aescs WU-X c14-0,Eowyg Aescs WU-X c14-0 10,Eowyg Aescs WU-X c14-0 10 A Ring,,False,,,0.228005,1.0581946923979292e-05,2468.545599574581,1799.039155,0.656075558274702,M0 Va,13166.3125,-6.28125,-13201.21875,4282.8
LYED YJ-I D9-0,Bottom,20,,Aemo QF-L d9-0,Aemo QF-L d9-0 5,Aemo QF-L d9-0 5 B Ring,,False,,,0.681379,1.0550999000279135e-05,8296.911347698368,3622.0,1.17699150335752,F (White) Star,14530.96875,-29.9375,-14335.8125,4358.26
LYED YJ-I D9-0,Bottom,21,,Splierg AK-R c4-0,Splierg AK-R c4-0 4,Splierg AK-R c4-0 4 B Ring,,False,,,0.214881,1.041689421315626e-05,2279.864320125848,1391.0,0.689697555494602,,10498.75,16.4375,-13664.96875,3274.66
LYED YJ-I D9-0,Bottom,22,,Phreia Drye CO-B c16-0,Phreia Drye CO-B c16-0 2,Phreia Drye CO-B c16-0 2 B Ring,,False,,,0.42062,1.0383030797936479e-05,4959.137694924239,1000.307922,0.373655450188641,K7 Va,13460.21875,-141.65625,-14462.71875,3462.64
LYED YJ-I D9-0,Bottom,23,,Splierg YJ-T b44-0,Splierg YJ-T b44-0 4,Splierg YJ-T b44-0 4 A Ring,,False,,,0.739322,1.0325813958232621e-05,9160.590764628903,1242.260226,1.33558142143367,M1 Va,10457.6875,-8.09375,-12904.375,4033.37
LYED YJ-I D9-0,Bottom,24,,Hypou Eur TG-Y d0,Hypou Eur TG-Y d0 3,Hypou Eur TG-Y d0 3 A Ring,,False,,,0.784391,1.0320968034327102e-05,10096.27148266822,1744.573797,1.60801396961354,G5 Vab,10106.46875,-13.9375,-16334.6875,1065.15
LYED YJ-I D9-0,Bottom,25,,Hypi Eurk KD-I c23-0,Hypi Eurk KD-I c23-0 A 2,Hypi Eurk KD-I c23-0 A 2 B Ring,,False,,,0.758915,1.029669415236005e-05,9517.434063477873,2786.177958,1.28695411440808,G8 Vab,12115.3125,36.5,-15402.1875,1862.82
OEVASY SG-Y D0,Top,1,,Syrue Theia HX-J c22-1,Syrue Theia HX-J c22-1 4,Syrue Theia HX-J c22-1 4 B Ring,,False,,,0.637076,1.8985138013276794e-05,7731.476706205948,584.75457,0.38567625165698,K5 Vab,1918.375,36.75,63899.5,3833.63
OEVASY SG-Y D0,Top,2,,Syrue Theia ER-O b47-0,Syrue Theia ER-O b47-0 1,Syrue Theia ER-O b47-0 1 B Ring,,False,,,0.397629,1.885499306545275e-05,4663.430067641283,125.0,0.759700714611777,M7 Va,1498.53125,37.625,63959.75,3434.53
OEVASY SG-Y D0,Top,3,,Myeia Thaa HA-Y c14-0,Myeia Thaa HA-Y c14-0 4,Myeia Thaa HA-Y c14-0 4 C Ring,,False,,,0.999965,1.83001799649818e-05,258637.9599938922,3324.822913,17.0478357295809,K5 Va,-1699.375,16.4375,64859.78125,795.45
OEVASY SG-Y D0,Top,4,,Syriae Thaa XL-O c6-0,Syriae Thaa XL-O c6-0 7,Syriae Thaa XL-O c6-0 7 B Ring,,False,,,0.271838,1.713146724594018e-05,3051.9221168247627,886.0,1.04351870366745,K2 Va,-1463.84375,138.71875,63218.65625,2415.94
OEVASY SG-Y D0,Top,5,,Syre Thua AA-Q c5-0,Syre Thua AA-Q c5-0 2,Syre Thua AA-Q c5-0 2 B Ring,,False,,,0.451663,1.6742801839928378e-05,5359.108159392789,399.831599,0.480042112776588,K8 Va,-1024.9375,96.1875,63180.5,2497.66
OEVASY SG-Y D0,Top,6,,Ceeckia UU-H b16-0,Ceeckia UU-H b16-0 2,Ceeckia UU-H b16-0 2 B Ring,,False,,,0.452169,1.6213543908492388e-05,5365.686090812566,179.822074,0.544448557153054,M8 Va,-860.09375,-60.71875,64559.3125,1249.93
OEVASY SG-Y D0,Top,7,,Fleckao XM-D c15-0,Fleckao XM-D c15-0 7,Fleckao XM-D c15-0 7 B Ring,,False,,,0.518175,1.6104797298617797e-05,6230.182349439965,1011.659058,0.385977770979912,K4 Va,-3130.375,-84.25,63591.78125,2610.12
OEVASY SG-Y D0,Top,8,,Syrue Theia OL-C b40-0,Syrue Theia OL-C b40-0 1,Syrue Theia OL-C b40-0 1 A Ring,,False,,,0.410451,1.552166642729066e-05,4828.1952472703915,284.504303,0.585606403589273,M5 Va,2263.96875,8.34375,63804.75,4185.2
OEVASY SG-Y D0,Top,9,,Syneayoea VP-G c10-0,Syneayoea VP-G c10-0 10,Syneayoea VP-G c10-0 10 B Ring,,False,,,0.455691,1.5438917951550032e-05,5411.262404800369,1963.683951,0.432711328642806,G9 Vab,-2499.3125,-17.5625,60845.125,4887.85
OEVASY SG-Y D0,Top,10,,Syrue Theia KX-L d7-2,Syrue Theia KX-L d7-2 AB 5,Syrue Theia KX-L d7-2 AB 5 A Ring,,False,,,0.464283,1.535758719278925e-05,5522.770002088991,2833.382956,0.608072805139186,F8 Vb,1535.375,3.96875,63629.78125,3637.05
OEVASY SG-Y D0,Top,11,,Iorant YX-S b17-0,Iorant YX-S b17-0 3,Iorant YX-S b17-0 3 A Ring,,False,,,0.349265,1.5323603528081703e-05,4041.7818008575514,510.142308,0.47228948710105,M4 Va,-744.59375,29.53125,64612.25,1269.28
OEVASY SG-Y D0,Top,12,,Syriae Thua TN-S c17-1,Syriae Thua TN-S c17-1 3,Syriae Thua TN-S c17-1 3 B Ring,,False,,,0.485364,1.5188455352031057e-05,5797.582111907564,784.549086,0.517868257367187,K6 Va,788.21875,13.34375,63733.78125,2973.6
OEVASY SG-Y D0,Top,13,,Iorady VI-T d3-1,Iorady VI-T d3-1 10,Iorady VI-T d3-1 10 A Ring,,False,,,0.417139,1.5175107943214522e-05,4914.236706689537,2026.0,0.429938214104987,K0 Vab,687.1875,164.21875,64558.40625,2443.3
OEVASY SG-Y D0,Top,14,,Struia Eork EM-K b42-0,Struia Eork EM-K b42-0 1,Struia Eork EM-K b42-0 1 A Ring,,False,,,0.461268,1.5118865623526293e-05,5483.517770361263,318.037997,0.732141837463037,M3 Va,2267.71875,-64.8125,63854.71875,4167.49
OEVASY SG-Y D0,Top,15,,Iorant EN-R c18-0,Iorant EN-R c18-0 4,Iorant EN-R c18-0 4 B Ring,,False,,,0.411716,1.4924530312173757e-05,4844.43741098275,1006.0,0.568382015007742,K4 Va,-941.84375,136.0,65019.53125,840.26
OEVASY SG-Y D0,Top,16,,Pyra Drye BR-U c19-0,Pyra Drye BR-U c19-0 4,Pyra Drye BR-U c19-0 4 B Ring,,False,,,0.434487,1.468684476881019e-05,5137.606032045241,1331.472046,0.324860405832569,K4 Va,-2504.875,-99.15625,62495.125,3292.9
OEVASY SG-Y D0,Top,17,,Straae Eohn AM-J d10-1,Straae Eohn AM-J d10-1 5 c,Straae Eohn AM-J d10-1 5 c B Ring,,False,,,0.232809,1.4605921807860024e-05,2535.4688950789227,3766.346585,0.536115427755685,F8 Vb,-319.625,-104.1875,63871.8125,2121.43
OEVASY SG-Y D0,Top,18,,Streau Eop PK-D b46-0,Streau Eop PK-D b46-0 1,Streau Eop PK-D b46-0 1 B Ring,,False,,,0.362003,1.3984999518474474e-05,4205.606445204724,449.045692,0.428127561945549,M2 Va,-1669.8125,-61.3125,63931.5,1707.92
OEVASY SG-Y D0,Top,19,,Pyra Drye CR-I b43-0,Pyra Drye CR-I b43-0 4,Pyra Drye CR-I b43-0 4 A Ring,,False,,,0.363071,1.3850008448843468e-05,4219.26989257534,305.0,0.851067558052192,M4 Va,-2224.125,-60.0,62577.8125,3137.09
OEVASY SG-Y D0,Top,20,,Streau Eop FU-R c7-0,Streau Eop FU-R c7-0 7,Streau Eop FU-R c7-0 7 B Ring,,False,,,0.392735,1.378390392918312e-05,4600.641025641025,543.169495,0.420110839196492,K7 Va,-2262.21875,-59.8125,63256.6875,2492.85
OEVASY SG-Y D0,Top,21,,Streau Eop HM-I b43-0,Streau Eop HM-I b43-0 1,Streau Eop HM-I b43-0 1 B Ring,,False,,,0.329877,1.3749406971354052e-05,3792.308179687005,245.310043,0.48398460283471,M6 Va,-2162.125,-82.15625,63856.84375,1893.81
OEVASY SG-Y D0,Top,22,,Straae Eohn YO-G c27-1,Straae Eohn YO-G c27-1 1,Straae Eohn YO-G c27-1 1 B Ring,,False,,,0.308028,1.3318236839610068e-05,3513.679410733076,346.0,0.953941497898954,M2 Va,-527.03125,-67.40625,64111.96875,1805.54
OEVASY SG-Y D0,Top,23,,Hyia Eohn JB-O c9-1,Hyia Eohn JB-O c9-1 4,Hyia Eohn JB-O c9-1 4 A Ring,,False,,,0.339302,1.3308309230123912e-05,3913.4328358208954,1397.969664,0.862404506984807,K2 Vab,67.75,-68.0625,64645.25,1854.43
OEVASY SG-Y D0,Top,24,,Puwhio PH-D c12-0,Puwhio PH-D c12-0 9,Puwhio PH-D c12-0 9 B Ring,,False,,,0.279786,1.3193082172208657e-05,3153.8900875745653,1052.247957,0.62634210257979,K7 Va,1911.46875,17.65625,62190.21875,4846.28
OEVASY SG-Y D0,Top,25,,Pyrie Euq PH-D c12-1,Pyrie Euq PH-D c12-1 6,Pyrie Euq PH-D c12-1 6 B Ring,,False,,,0.388241,1.3097757995338488e-05,4542.925099851905,2248.199855,0.578287345773427,G8 Vab,630.75,17.25,62212.15625,4028.95
